46;Culture de plantes médicinales en intérieur
47;Culture d’aloé vera en intérieur
48;Culture de stevia en intérieur
49;Culture de lavande en intérieur
50;Culture de thym en intérieur
51;Culture d’origan en intérieur
52;Culture de romarin en intérieur
53;Culture de mélisse en intérieur
54;Culture de sauge en intérieur
55;Culture de shiso en intérieur
56;Culture de cresson en intérieur
57;Culture de pak choi en intérieur
58;Culture de mini-concombres en intérieur
59;Culture de poivrons nains en intérieur
60;Culture de radis feuilles en intérieur
61;Aménagement d’une box de culture
62;Isolation thermique de la box
63;Choix d’une tente de culture
64;Optimisation de la surface cultivée
65;Gestion de la hauteur sous lampe
66;Revêtements réfléchissants pour culture indoor
67;Utilisation du mylar
68;Optimisation des zones d’ombre
69;Gestion de l’accès et de l’entretien
70;Ergonomie de l’espace de culture
71;Sécurisation électrique de la salle
72;Prévention des fuites d’eau
73;Gestion des prises et multiprises
74;Table de culture et étagères
75;Systèmes de suspension des lampes
76;Protection du sol en indoor
77;Circulation dans une chambre de culture
78;Compartimentage croissance et floraison
79;Culture verticale en intérieur
80;Étagères multi-niveaux pour culture indoor
81;Rack de culture pour semis
82;Choix de l’éclairage LED horticole
83;Comparatif LED, CFL et HPS
84;Comprendre le spectre lumineux
85;Photopériode en culture indoor
86;Distance lampe-plante optimale
87;Puissance lumineuse par mètre carré
88;PPFD et DLI en culture intérieure
89;Éclairage plein spectre
90;Éclairage rouge et bleu
91;Éclairage UV en indoor
92;Éclairage infrarouge en culture
93;Réglage des cycles jour/nuit
94;Automatisation de l’éclairage
95;Minuteries pour lampes horticoles
96;Dimming des LEDs horticoles
97;Refroidissement des systèmes d’éclairage
98;Entretien des lampes et réflecteurs
99;Mesure de l’intensité lumineuse
100;Uniformité de l’éclairage
101;Éclairage latéral pour plantes
102;Éclairage intercanopée
103;Gestion de la chaleur des lampes
104;Choix de la température de couleur
105;Éclairage pour semis et jeunes plants
106;Éclairage pour croissance végétative
107;Éclairage pour floraison et fructification
108;Éclairage pour micro-pousses
109;Durée d’éclairage selon les espèces
110;Signes de stress lumineux
111;Photoblanchiment des feuilles
112;Culture à lumière naturelle assistée
113;Ventilation de la salle de culture
114;Extraction d’air en indoor
115;Intraction d’air passive et active
116;Choix d’un extracteur d’air
117;Calcul du débit d’air nécessaire
118;Utilisation des ventilateurs oscillants
119;Brassage d’air sous canopée
120;Filtration des odeurs au charbon actif
121;Silencieux pour système d’extraction
122;Réduction du bruit en culture indoor
123;Gestion des conduits d’aération
124;Contrôle du CO2 en intérieur
125;Enrichissement en CO2
126;Taux de CO2 optimal selon la culture
127;Capteurs de CO2 pour box de culture
128;Humidificateurs en culture indoor
129;Déshumidificateurs pour salle de culture
130;Gestion de l’humidité relative
131;Température idéale jour et nuit
132;VPD et contrôle climatique
133;Prévention de la condensation
134;Gestion des courants d’air
135;Aération des semis et boutures
136;Climatisation d’une salle de culture
137;Chauffage d’appoint en culture indoor
138;Stabilité climatique en hiver
139;Refroidissement en été
140;Contrôle automatique du climat
141;Thermo-hygromètres et sondes
142;Enregistreurs de données climatiques
143;Alarmes de température et humidité
144;Substrat terreau pour culture indoor
145;Culture en coco
146;Hydroponie en intérieur
147;Aéroponie domestique
148;Aquaponie en intérieur
149;Culture en DWC
150;Système NFT en indoor
151;Culture en ebb and flow
152;Culture en goutte-à-goutte
153;Systèmes wick pour débutants
154;Choix du pot pour culture intérieure
155;Pots textiles en indoor
156;Pots auto-irrigants
157;Volume de pot selon la plante
158;Drainage du substrat
159;Perlite et aération du terreau
160;Vermiculite en culture indoor
161;Billes d’argile expansée
162;Laine de roche en horticulture
163;Substrats bio-sourcés
164;Substrats réutilisables
165;Désinfection des contenants
166;Préparation du substrat avant plantation
167;Rempotage des plantes d’intérieur productives
168;Transplantation sans stress
169;Culture en petits contenants
170;Culture en grands bacs intérieurs
171;Paillage en pot intérieur
172;Couvertures de substrat pour limiter l’évaporation
173;Réservoirs et bacs de solution nutritive
174;Entretien des circuits hydroponiques
175;Arrosage manuel en culture indoor
176;Arrosage automatique goutte-à-goutte
177;Fréquence d’arrosage selon le substrat
178;Signes de sur-arrosage
179;Signes de sous-arrosage
180;Qualité de l’eau en culture intérieure
181;Eau du robinet vs eau osmosée
182;Utilisation d’un osmoseur
183;Mesure du pH de l’eau
184;Ajustement du pH en culture indoor
185;Mesure de l’EC
186;Conductivité de la solution nutritive
187;Température de la solution nutritive
188;Oxygénation de la solution nutritive
189;Prévention du biofilm dans les réservoirs
190;Nettoyage des tuyaux d’irrigation
191;Calendrier d’irrigation selon la plante
192;Arrosage des semis en intérieur
193;Arrosage des micro-pousses
194;Gestion de la salinité en hydroponie
195;Flushing des substrats
196;Drain-to-waste en coco
197;Recirculation en hydroponie
198;Fertilisation organique en intérieur
199;Fertilisation minérale en indoor
200;Nutriments de base NPK
201;Rôle de l’azote en croissance
202;Rôle du phosphore et du potassium
203;Calcium et magnésium en culture indoor
204;Oligo-éléments essentiels
205;Carences nutritionnelles courantes
206;Excès d’engrais et brûlures
207;Programme de fertilisation hebdomadaire
208;Engrais liquides pour indoor
209;Engrais solides à libération lente
210;Thés de compost en culture intérieure
211;Biostimulants et extraits d’algues
212;Acides humiques et fulviques
213;Enzymes pour racines
214;Additifs pour floraison
215;Stimulants racinaires
216;Mycorhizes en culture indoor
217;Bactéries bénéfiques du substrat
218;Silice pour renforcement des plantes
219;Nutrition foliaire en indoor
220;Pulvérisation foliaire sécurisée
221;Compatibilité des engrais
222;Préparer une solution nutritive stable
223;Gestion du pH en nutrition organique
224;Rinçage des systèmes hydroponiques
225;Tableaux de fertilisation par culture
226;Diagnostic visuel des feuilles
227;Coloration anormale du feuillage
228;Pointes brûlées sur les feuilles
229;Feuilles tombantes en culture indoor
230;Jaunissement des feuilles basses
231;Nécroses et taches foliaires
232;Retard de croissance des plantes
233;Entre-nœuds trop longs
234;Plantes trop compactes
235;Déformation des jeunes feuilles
236;Stress thermique des cultures
237;Stress hydrique en intérieur
238;Stress de transplantation
239;Stress racinaire
240;Racines brunes en hydroponie
241;Pourriture racinaire
242;Croissance déséquilibrée sous lumière
243;Carence en fer
244;Carence en calcium
245;Carence en magnésium
246;Carence en potassium
247;Carence en phosphore
248;Surfertilisation en indoor
249;Blocage nutritif lié au pH
250;Accumulation de sels dans le substrat
251;Test de drainage et analyse du runoff
252;Prévention des maladies fongiques
253;Oïdium en culture intérieure
254;Botrytis et moisissures en indoor
255;Prévention de la fonte des semis
256;Gestion des algues sur substrat
257;Lutte contre les moucherons du terreau
258;Lutte contre les thrips en indoor
259;Lutte contre les pucerons sous lampe
260;Lutte contre les araignées rouges
261;Lutte contre les aleurodes
262;Prévention des cochenilles en intérieur
263;Introduction à la lutte biologique
264;Utilisation des insectes auxiliaires
265;Pièges englués en culture indoor
266;Hygiène sanitaire de la salle de culture
267;Quarantaine des nouvelles plantes
268;Désinfection du matériel horticole
269;Nettoyage entre deux cycles
270;Prévention des contaminations croisées
271;Surveillance par inspection foliaire
272;Microscope portable pour ravageurs
273;Traitements biologiques compatibles indoor
274;Utilisation du savon noir en intérieur
275;Utilisation de neem en culture indoor
276;Rotation des traitements antiparasitaires
277;Gestion des foyers localisés
278;Prévention des résistances des ravageurs
279;Identification des œufs et larves
280;Culture propre sans pesticides chimiques
281;Semis en culture indoor
282;Choix des plaques de semis
283;Température de germination
284;Humidité optimale pour germination
285;Éclairage des semis
286;Repiquage des jeunes plants
287;Durcissement avant transplantation
288;Bouturage en intérieur
289;Choix des hormones de bouturage
290;Propagation dans les cubes de laine de roche
291;Propagation en eau
292;Propagation en mini-serre
293;Gestion des mères et plantes sources
294;Multiplication végétative indoor
295;Division de touffes en intérieur
296;Marcottage de plantes d’intérieur
297;Conservation des graines
298;Tests de viabilité des semences
299;Production de semences en intérieur
300;Pollinisation manuelle en indoor
301;Culture de jeunes plants commerciaux
302;Pépinière intérieure domestique
303;Calendrier de semis toute l’année
304;Rotation des cultures en intérieur
305;Succession de cultures sur étagères
306;Gestion de la densité de plantation
307;Taille apicale en culture indoor
308;Pincement des plantes
309;Palissage doux
310;Palissage à faible stress
311;Technique ScrOG
312;Technique Sea of Green
313;Défoliation en culture intérieure
314;Ébourgeonnage des plantes
315;Tuteurage des plantes en pot
316;Filets de soutien pour culture indoor
317;Gestion de la canopée
318;Uniformisation de la hauteur des plantes
319;Optimisation des sites floraux
320;Taille sanitaire des feuilles abîmées
321;Formation des tomates en intérieur
322;Taille des piments en pot
323;Gestion des gourmands en indoor
324;Culture bonsaï productive
325;Conduite des plantes compactes
326;Contrôle de l’étirement
327;Taille des racines en contenant
328;Espacement optimal entre plants
329;Gestion de la floraison en intérieur
330;Induction florale par photopériode
331;Pollinisation des tomates en intérieur
332;Fécondation des fraisiers en intérieur
333;Gestion des fleurs mâles et femelles
334;Nouaison en environnement fermé
335;Prévention de la chute des fleurs
336;Optimisation du rendement fruitier
337;Maturation des fruits en indoor
338;Récolte progressive des herbes aromatiques
339;Récolte des légumes-feuilles
340;Récolte des micro-pousses
341;Récolte des tomates cerises
342;Récolte des piments en intérieur
343;Récolte des fraises sous LED
344;Conservation post-récolte
345;Séchage des herbes aromatiques
346;Conditionnement des récoltes indoor
347;Traçabilité des récoltes domestiques
348;Automatisation de la culture indoor
349;Capteurs connectés pour culture intérieure
350;Pilotage par application mobile
351;Domotique de la salle de culture
352;Contrôleurs climatiques intelligents
353;Arrosage piloté par capteurs
354;Suivi à distance des paramètres
355;Caméras de surveillance des cultures
356;Alertes de panne électrique
357;Onduleurs pour culture indoor
358;Sécurité incendie en salle de culture
359;Programmation de scénarios climatiques
360;Journal de culture numérique
361;Tableaux de bord de culture indoor
362;Analyse de données horticoles
363;Prévisions de récolte avec données
364;Maintenance préventive des équipements
365;Choix des multiprises et relais
366;Consommation électrique d’une culture indoor
367;Réduction des coûts énergétiques
368;Culture indoor avec panneaux solaires en appoint
369;Empreinte carbone de la culture intérieure
370;Gestion durable des intrants
371;Recyclage des substrats usagés
372;Réutilisation de l’eau en hydroponie
373;Valorisation des déchets végétaux
374;Compostage domestique des résidus
375;Choix d’emballages durables pour récoltes
376;Culture indoor zéro déchet
377;Économie circulaire en agriculture intérieure
378;Certification bio et culture indoor
379;Réglementation locale de la culture intérieure
380;Normes électriques pour salle de culture
381;Assurance et sécurité des installations
382;Plan de nettoyage hebdomadaire
383;Checklist de démarrage d’un cycle
384;Checklist de fin de culture
385;Suivi des coûts de production
386;Calcul du rendement par mètre carré
387;Calcul du rendement par watt
388;Optimisation du retour sur investissement
389;Business plan de ferme indoor
390;Vente locale d’herbes cultivées en intérieur
391;Marketing pour micro-ferme indoor
392;Formation professionnelle à la culture indoor
393;Ateliers pédagogiques de jardinage intérieur
394;Culture indoor à l’école
395;Culture indoor thérapeutique
396;Horticulture intérieure et bien-être
397;Design biophilique avec cultures productives
398;Murs végétaux productifs en intérieur
399;Cuisine et jardin indoor intégrés
400;Culture indoor pour restaurants
